trial,trigger,latency,scene_category,old,behavior,subsequent_memory
1,1040,363206,manmade,new,correctreject,subsequent_forgotten
2,1049,365186,manmade,new,correctreject,na
3,1041,366416.5,manmade,new,correctreject,subsequent_remembered
4,1049,367879,manmade,new,correctreject,na
5,1041,369210,manmade,new,correctreject,subsequent_remembered
6,1049,370602.5,manmade,new,correctreject,na
7,2041,372584,natural,new,correctreject,subsequent_remembered
8,1049,373715.5,manmade,new,correctreject,na
9,2041,375184.5,natural,new,correctreject,subsequent_remembered
10,1049,376311,manmade,new,correctreject,na
11,2041,377580.5,natural,new,correctreject,subsequent_remembered
12,2049,379055,natural,new,correctreject,na
13,2040,380847,natural,new,correctreject,subsequent_forgotten
14,2049,382167.5,natural,new,correctreject,na
15,2040,383150.5,natural,new,correctreject,subsequent_forgotten
16,2049,384420,natural,new,correctreject,na
17,2041,385823,natural,new,correctreject,subsequent_remembered
18,2049,387031,natural,new,correctreject,na
19,1041,388214,manmade,new,correctreject,subsequent_remembered
20,1049,389760,manmade,new,correctreject,na
21,2041,391111.5,natural,new,correctreject,subsequent_remembered
22,2049,392575.5,natural,new,correctreject,na
23,2030,394034.5,natural,new,falsealarm,subsequent_forgotten
24,1049,527666.5,manmade,new,correctreject,na
25,2111,528964.5,natural,old,hit,subsequent_remembered
26,1041,530669.5,manmade,new,correctreject,subsequent_remembered
27,1111,532185,manmade,old,hit,subsequent_remembered
28,1049,534012.5,manmade,new,correctreject,na
29,2121,535471.5,natural,old,miss,subsequent_remembered
30,1031,537022.5,manmade,new,falsealarm,subsequent_remembered
31,2111,538717.5,natural,old,hit,subsequent_remembered
32,2039,540781,natural,new,falsealarm,na
33,2111,542475,natural,old,hit,subsequent_remembered
34,1041,544661,manmade,new,correctreject,subsequent_remembered
35,2111,545936,natural,old,hit,subsequent_remembered
36,2049,547251.5,natural,new,correctreject,na
37,2041,548454.5,natural,new,correctreject,subsequent_remembered
38,1049,550118.5,manmade,new,correctreject,na
39,1121,551915.5,manmade,old,miss,subsequent_remembered
40,1111,553159.5,manmade,old,hit,subsequent_remembered
41,2119,554726,natural,old,hit,na
42,2041,556108.5,natural,new,correctreject,subsequent_remembered
43,1119,557644,manmade,old,hit,na
44,2049,559436,natural,new,correctreject,na
45,1041,561459.5,manmade,new,correctreject,subsequent_remembered
46,2049,563818,natural,new,correctreject,na
47,2119,565350.5,natural,old,hit,na
48,1040,566618.5,manmade,new,correctreject,subsequent_forgotten
49,2049,567755,natural,new,correctreject,na
50,1111,569313,manmade,old,hit,subsequent_remembered
51,1041,571257,manmade,new,correctreject,subsequent_remembered
52,2111,573336.5,natural,old,hit,subsequent_remembered
53,2121,574682,natural,old,miss,subsequent_remembered
54,2049,576095,natural,new,correctreject,na
55,2041,577549,natural,new,correctreject,subsequent_remembered
56,1049,579453,manmade,new,correctreject,na
57,1111,580661.5,manmade,old,hit,subsequent_remembered
58,1041,582847.5,manmade,new,correctreject,subsequent_remembered
59,2111,584608.5,natural,old,hit,subsequent_remembered
60,1049,586830.5,manmade,new,correctreject,na
61,2111,588259,natural,old,hit,subsequent_remembered
62,2119,589723,natural,old,hit,na
63,1119,591207.5,manmade,old,hit,na
64,1119,592800,manmade,old,hit,na
65,1111,594274,manmade,old,hit,subsequent_remembered
66,2031,596071,natural,new,falsealarm,subsequent_remembered
67,1119,597581.5,manmade,old,hit,na
68,1049,599107,manmade,new,correctreject,na
69,2040,600760.5,natural,new,correctreject,subsequent_forgotten
70,1049,602516.5,manmade,new,correctreject,na
71,2111,604124,natural,old,hit,subsequent_remembered
72,1111,605522,manmade,old,hit,subsequent_remembered
73,2119,606883.5,natural,old,hit,na
74,1110,608952,manmade,old,hit,subsequent_forgotten
75,1119,610539,manmade,old,hit,na
76,1040,611629.5,manmade,new,correctreject,subsequent_forgotten
77,2119,613073,natural,old,hit,na
78,1049,614588.5,manmade,new,correctreject,na
79,2031,616109,natural,new,falsealarm,subsequent_remembered
80,1049,617762.5,manmade,new,correctreject,na
81,2119,619431.5,natural,old,hit,na
82,2041,620773,natural,new,correctreject,subsequent_remembered
83,2120,622083.5,natural,old,miss,subsequent_forgotten
84,1049,623880.5,manmade,new,correctreject,na
85,2121,625600.5,natural,old,miss,subsequent_remembered
86,1040,627745.5,manmade,new,correctreject,subsequent_forgotten
87,1049,628995,manmade,new,correctreject,na
88,2041,630505,natural,new,correctreject,subsequent_remembered
89,2119,631723.5,natural,old,hit,na
90,1039,633766,manmade,new,falsealarm,na
91,1031,636090.5,manmade,new,falsealarm,subsequent_remembered
92,2111,637626.5,natural,old,hit,subsequent_remembered
93,2119,639541,natural,old,hit,na
94,2049,640775,natural,new,correctreject,na
95,2041,642367,natural,new,correctreject,subsequent_remembered
96,1039,643662,manmade,new,falsealarm,na
97,2041,645141.5,natural,new,correctreject,subsequent_remembered
98,1049,646985,manmade,new,correctreject,na
99,2119,649211.5,natural,old,hit,na
100,2040,650517,natural,new,correctreject,subsequent_forgotten
101,1039,653857.5,manmade,new,falsealarm,na
102,1121,657065,manmade,old,miss,subsequent_remembered
103,2111,659133.5,natural,old,hit,subsequent_remembered
104,2111,660572.5,natural,old,hit,subsequent_remembered
105,1111,661708.5,manmade,old,hit,subsequent_remembered
106,2041,663490,natural,new,correctreject,subsequent_remembered
107,2129,664964.5,natural,old,miss,na
108,1121,666131.5,manmade,old,miss,subsequent_remembered
109,1049,667800.5,manmade,new,correctreject,na
110,1119,669933,manmade,old,hit,na
111,1111,671696.5,manmade,old,hit,subsequent_remembered
112,2111,673135,natural,old,hit,subsequent_remembered
113,2031,674512.5,natural,new,falsealarm,subsequent_remembered
114,2049,676592.5,natural,new,correctreject,na
115,1041,678188,manmade,new,correctreject,subsequent_remembered
116,2119,679688,natural,old,hit,na
117,1049,681004,manmade,new,correctreject,na
118,1041,682325,manmade,new,correctreject,subsequent_remembered
119,2119,684679.5,natural,old,hit,na
120,2049,686651,natural,new,correctreject,na
121,1041,688325,manmade,new,correctreject,subsequent_remembered
122,2110,690787.5,natural,old,hit,subsequent_forgotten
123,2119,692978.5,natural,old,hit,na
124,1039,694808,manmade,new,falsealarm,na
125,1111,697314.5,manmade,old,hit,subsequent_remembered
126,1119,698704.5,manmade,old,hit,na
127,1119,700770.5,manmade,old,hit,na
128,2119,702424,natural,old,hit,na
129,2111,704472,natural,old,hit,subsequent_remembered
130,1041,705994.5,manmade,new,correctreject,subsequent_remembered
131,2049,707943,natural,new,correctreject,na
132,1119,709793,manmade,old,hit,na
133,2041,711158,natural,new,correctreject,subsequent_remembered
134,1129,712606.5,manmade,old,miss,na
135,2049,714224.5,natural,new,correctreject,na
136,1121,716477,manmade,old,miss,subsequent_remembered
137,2041,718008,natural,new,correctreject,subsequent_remembered
138,2121,719400.5,natural,old,miss,subsequent_remembered
139,2119,720706,natural,old,hit,na
140,1049,722083,manmade,new,correctreject,na
141,2119,723757,natural,old,hit,na
142,1111,725508,manmade,old,hit,subsequent_remembered
143,2040,727028.5,natural,new,correctreject,subsequent_forgotten
144,1049,728848.5,manmade,new,correctreject,na
145,2041,730755.5,natural,new,correctreject,subsequent_remembered
146,2129,732122.5,natural,old,miss,na
147,1039,734436.5,manmade,new,falsealarm,na
148,2040,736120.5,natural,new,correctreject,subsequent_forgotten
149,1039,737994.5,manmade,new,falsealarm,na
150,2119,739428.5,natural,old,hit,na
151,1111,741870,manmade,old,hit,subsequent_remembered
152,1040,743943,manmade,new,correctreject,subsequent_forgotten
153,1049,745371.5,manmade,new,correctreject,na
154,2119,747086.5,natural,old,hit,na
155,2111,748714.5,natural,old,hit,subsequent_remembered
156,2040,750153,natural,new,correctreject,subsequent_forgotten
157,2111,751848,natural,old,hit,subsequent_remembered
158,2049,754034.5,natural,new,correctreject,na
159,1041,755656.5,manmade,new,correctreject,subsequent_remembered
160,1119,757364,manmade,old,hit,na
161,1119,759168.5,manmade,old,hit,na
162,2049,760648,natural,new,correctreject,na
163,1119,761892.5,manmade,old,hit,na
164,2041,763617.5,natural,new,correctreject,subsequent_remembered
165,1119,765527,manmade,old,hit,na
166,1039,767120.5,manmade,new,falsealarm,na
167,2120,768455.5,natural,old,miss,subsequent_forgotten
168,1119,769771,manmade,old,hit,na
169,2111,770954,natural,old,hit,subsequent_remembered
170,2041,772274.5,natural,new,correctreject,subsequent_remembered
171,2110,774312,natural,old,hit,subsequent_forgotten
172,1039,775720,manmade,new,falsealarm,na
173,2040,777670.5,natural,new,correctreject,subsequent_forgotten
174,2049,779350,natural,new,correctreject,na
175,2111,781665,natural,old,hit,subsequent_remembered
176,1121,783358.5,manmade,old,miss,subsequent_remembered
177,1041,784577,manmade,new,correctreject,subsequent_remembered
178,1049,786158.5,manmade,new,correctreject,na
179,2119,787746,natural,old,hit,na
180,1119,789015.5,manmade,old,hit,na
181,1111,790351.5,manmade,old,hit,subsequent_remembered
182,2041,791698,natural,new,correctreject,subsequent_remembered
183,1111,792957.5,manmade,old,hit,subsequent_remembered
184,1049,794217,manmade,new,correctreject,na
185,2119,795749,natural,old,hit,na
186,1041,797012,manmade,new,correctreject,subsequent_remembered
187,2129,798287,natural,old,miss,na
188,2049,800222,natural,new,correctreject,na
189,2121,801517.5,natural,old,miss,subsequent_remembered
190,1111,803593,manmade,old,hit,subsequent_remembered
191,1040,805817.5,manmade,new,correctreject,subsequent_forgotten
192,2049,807185,natural,new,correctreject,na
193,2119,809278.5,natural,old,hit,na
194,2121,810979.5,natural,old,miss,subsequent_remembered
195,2119,813051.5,natural,old,hit,na
196,1031,815198,manmade,new,falsealarm,subsequent_remembered
197,1049,817111.5,manmade,new,correctreject,na
198,2041,818391,natural,new,correctreject,subsequent_remembered
199,2119,820055,natural,old,hit,na
200,1119,822031.5,manmade,old,hit,na
201,1111,824898,manmade,old,hit,subsequent_remembered
202,2111,826331.5,natural,old,hit,subsequent_remembered
203,2039,827811,natural,new,falsealarm,na
204,2041,829050,natural,new,correctreject,subsequent_remembered
205,1039,830463,manmade,new,falsealarm,na
206,2111,832352,natural,old,hit,subsequent_remembered
207,2041,833970,natural,new,correctreject,subsequent_remembered
208,2121,835357.5,natural,old,miss,subsequent_remembered
209,2049,836867.5,natural,new,correctreject,na
210,2119,839115.5,natural,old,hit,na
211,2041,840584.5,natural,new,correctreject,subsequent_remembered
212,2119,842627,natural,old,hit,na
213,2049,843702,natural,new,correctreject,na
214,1119,845105,manmade,old,hit,na
215,1121,846723,manmade,old,miss,subsequent_remembered
216,2119,848770.5,natural,old,hit,na
217,1030,850531.5,manmade,new,falsealarm,subsequent_forgotten
218,2119,852681.5,natural,old,hit,na
219,1119,854146.5,manmade,old,hit,na
220,1111,855395,manmade,old,hit,subsequent_remembered
221,2049,856798,natural,new,correctreject,na
222,2041,857934.5,natural,new,correctreject,subsequent_remembered
223,1049,859475.5,manmade,new,correctreject,na
224,2041,860775.5,natural,new,correctreject,subsequent_remembered
225,2049,862639,natural,new,correctreject,na
226,1041,863878,manmade,new,correctreject,subsequent_remembered
227,2129,865316.5,natural,old,miss,na
228,2111,866555.5,natural,old,hit,subsequent_remembered
229,2049,868460,natural,new,correctreject,na
230,2111,869996,natural,old,hit,subsequent_remembered
231,1119,871877,manmade,old,hit,na
232,1041,873840.5,manmade,new,correctreject,subsequent_remembered
233,1039,875740,manmade,new,falsealarm,na
234,1041,876999.5,manmade,new,correctreject,subsequent_remembered
235,2049,878991,natural,new,correctreject,na
236,2111,880547,natural,old,hit,subsequent_remembered
237,2031,881699,natural,new,falsealarm,subsequent_remembered
238,2111,883511.5,natural,old,hit,subsequent_remembered
239,1119,885242,manmade,old,hit,na
240,2111,886798,natural,old,hit,subsequent_remembered
241,2039,888144.5,natural,new,falsealarm,na
242,1111,890120.5,manmade,old,hit,subsequent_remembered
243,1119,891457,manmade,old,hit,na
244,1119,893591.5,manmade,old,hit,na
245,2111,894889,natural,old,hit,subsequent_remembered
246,1111,896269,manmade,old,hit,subsequent_remembered
247,2111,897836,natural,old,hit,subsequent_remembered
248,2041,899259,natural,new,correctreject,subsequent_remembered
249,2049,900554.5,natural,new,correctreject,na
250,1111,902133.5,manmade,old,hit,subsequent_remembered
251,2041,903969,natural,new,correctreject,subsequent_remembered
252,2119,905920,natural,old,hit,na
253,2039,907527,natural,new,falsealarm,na
254,2119,909498,natural,old,hit,na
255,2041,910931.5,natural,new,correctreject,subsequent_remembered
256,1119,912518.5,manmade,old,hit,na
257,2119,913737,natural,old,hit,na
258,1111,914878.5,manmade,old,hit,subsequent_remembered
259,1049,916277.5,manmade,new,correctreject,na
260,2031,917474.5,natural,new,falsealarm,subsequent_remembered
261,2039,919455.5,natural,new,falsealarm,na
262,1031,920884,manmade,new,falsealarm,subsequent_remembered
263,2049,922363.5,natural,new,correctreject,na
264,1041,924063,manmade,new,correctreject,subsequent_remembered
265,2111,925931.5,natural,old,hit,subsequent_remembered
266,1049,927764.5,manmade,new,correctreject,na
267,1041,929415.5,manmade,new,correctreject,subsequent_remembered
268,1049,931133,manmade,new,correctreject,na
269,2119,932955.5,natural,old,hit,na
270,2031,934235.5,natural,new,falsealarm,subsequent_remembered
271,2111,936032.5,natural,old,hit,subsequent_remembered
272,1111,937660.5,manmade,old,hit,subsequent_remembered
273,1049,939104,manmade,new,correctreject,na
274,2041,940353.5,natural,new,correctreject,subsequent_remembered
275,2111,941925,natural,old,hit,subsequent_remembered
276,1049,943415,manmade,new,correctreject,na
277,1121,945698,manmade,old,miss,subsequent_remembered
278,1041,947561.5,manmade,new,correctreject,subsequent_remembered
279,1049,949604.5,manmade,new,correctreject,na
280,1119,951319.5,manmade,old,hit,na
281,1041,952881,manmade,new,correctreject,subsequent_remembered
282,1119,954191.5,manmade,old,hit,na
283,1111,955369,manmade,old,hit,subsequent_remembered
284,1049,956892,manmade,new,correctreject,na
285,2031,958108,natural,new,falsealarm,subsequent_remembered
286,2039,959889.5,natural,new,falsealarm,na
287,2119,960969.5,natural,old,hit,na
288,2119,962362,natural,old,hit,na
289,2119,964032.5,natural,old,hit,na
290,2119,965833,natural,old,hit,na
291,2031,967427.5,natural,new,falsealarm,subsequent_remembered
292,2049,969002,natural,new,correctreject,na
293,1119,970548.5,manmade,old,hit,na
294,2111,972033,natural,old,hit,subsequent_remembered
295,1041,973635.5,manmade,new,correctreject,subsequent_remembered
296,1119,975406.5,manmade,old,hit,na
297,2049,976615,natural,new,correctreject,na
298,2111,978023,natural,old,hit,subsequent_remembered
299,2119,979569,natural,old,hit,na
300,2119,980951,natural,old,hit,na
301,2040,983280.5,natural,new,correctreject,subsequent_forgotten
302,1049,984744.5,manmade,new,correctreject,na
303,2041,986291,natural,new,correctreject,subsequent_remembered
304,2049,987668,natural,new,correctreject,na
305,1111,989664.5,manmade,old,hit,subsequent_remembered
306,1041,991768.5,manmade,new,correctreject,subsequent_remembered
307,1039,993187.5,manmade,new,falsealarm,na
308,2111,994420.5,natural,old,hit,subsequent_remembered
309,1040,996033,manmade,new,correctreject,subsequent_forgotten
310,1119,997441,manmade,old,hit,na
311,2121,999028,natural,old,miss,subsequent_remembered
312,1049,1000707.5,manmade,new,correctreject,na
313,2111,1002048.5,natural,old,hit,subsequent_remembered
314,2119,1003682,natural,old,hit,na
315,2111,1005105,natural,old,hit,subsequent_remembered
316,1111,1006518,manmade,old,hit,subsequent_remembered
317,1041,1008100,manmade,new,correctreject,subsequent_remembered
318,2119,1009820,natural,old,hit,na
319,2049,1011054,natural,new,correctreject,na
320,2111,1013117,natural,old,hit,subsequent_remembered
321,1119,1014607,manmade,old,hit,na
322,2041,1016537,natural,new,correctreject,subsequent_remembered
323,1049,1018278.5,manmade,new,correctreject,na
324,1111,1020351,manmade,old,hit,subsequent_remembered
325,1121,1021994.5,manmade,old,miss,subsequent_remembered
326,1119,1023811.5,manmade,old,hit,na
327,1111,1024994.5,manmade,old,hit,subsequent_remembered
328,2040,1026535.5,natural,new,correctreject,subsequent_forgotten
329,1119,1028527,manmade,old,hit,na
330,1111,1030451.5,manmade,old,hit,subsequent_remembered
331,2119,1032115.5,natural,old,hit,na
332,2119,1033528.5,natural,old,hit,na
333,1049,1035439,manmade,new,correctreject,na
334,1119,1036841,manmade,old,hit,na
335,1041,1038619.5,manmade,new,correctreject,subsequent_remembered
336,1049,1040301.5,manmade,new,correctreject,na
337,2119,1042068,natural,old,hit,na
338,1041,1044377,manmade,new,correctreject,subsequent_remembered
339,1049,1046748,manmade,new,correctreject,na
340,2040,1048580,natural,new,correctreject,subsequent_forgotten
341,1119,1049933,manmade,old,hit,na
342,1049,1051145,manmade,new,correctreject,na
343,2041,1052552.5,natural,new,correctreject,subsequent_remembered
344,1049,1053798.5,manmade,new,correctreject,na
345,2111,1055358,natural,old,hit,subsequent_remembered
346,2111,1057063,natural,old,hit,subsequent_remembered
347,1041,1058394,manmade,new,correctreject,subsequent_remembered
348,1049,1060180.5,manmade,new,correctreject,na
349,1041,1062387,manmade,new,correctreject,subsequent_remembered
350,1049,1063991,manmade,new,correctreject,na
351,1119,1065925,manmade,old,hit,na
352,1041,1067742,manmade,new,correctreject,subsequent_remembered
353,2049,1069309,natural,new,correctreject,na
354,1111,1071428.5,manmade,old,hit,subsequent_remembered
355,1111,1072974.5,manmade,old,hit,subsequent_remembered
356,1031,1074259.5,manmade,new,falsealarm,subsequent_remembered
357,1049,1076496.5,manmade,new,correctreject,na
358,1031,1079768,manmade,new,falsealarm,subsequent_remembered
359,1111,1081805.5,manmade,old,hit,subsequent_remembered
360,2049,1083602.5,natural,new,correctreject,na
361,2119,1084928.5,natural,old,hit,na
362,1111,1086700,manmade,old,hit,subsequent_remembered
363,1111,1088389,manmade,old,hit,subsequent_remembered
364,2041,1089659,natural,new,correctreject,subsequent_remembered
365,2049,1091358.5,natural,new,correctreject,na
366,1111,1092710,manmade,old,hit,subsequent_remembered
367,2041,1094046.5,natural,new,correctreject,subsequent_remembered
368,1049,1095741,manmade,new,correctreject,na
369,2041,1096954,natural,new,correctreject,subsequent_remembered
370,1049,1098853.5,manmade,new,correctreject,na
371,2119,1100451,natural,old,hit,na
372,1119,1101961,manmade,old,hit,na
373,1041,1103113,manmade,new,correctreject,subsequent_remembered
374,1111,1104789.5,manmade,old,hit,subsequent_remembered
375,1119,1106307.5,manmade,old,hit,na
376,1119,1108161,manmade,old,hit,na
377,2049,1109277,natural,new,correctreject,na
378,2040,1111140.5,natural,new,correctreject,subsequent_forgotten
379,1119,1113009,manmade,old,hit,na
380,2119,1114504,natural,old,hit,na
381,1039,1116352,manmade,new,falsealarm,na
382,2031,1118574,natural,new,falsealarm,subsequent_remembered
383,1049,1120396.5,manmade,new,correctreject,na
384,2041,1121917,natural,new,correctreject,subsequent_remembered
385,2111,1123575.5,natural,old,hit,subsequent_remembered
386,2049,1125674.5,natural,new,correctreject,na
387,1041,1127313,manmade,new,correctreject,subsequent_remembered
388,2121,1128905,natural,old,miss,subsequent_remembered
389,1049,1131772,manmade,new,correctreject,na
390,1119,1134132,manmade,old,hit,na
391,2110,1135473.5,natural,old,hit,subsequent_forgotten
392,1119,1137562,manmade,old,hit,na
393,1119,1139405,manmade,old,hit,na
394,2120,1140767,natural,old,miss,subsequent_forgotten
395,1040,1142303,manmade,new,correctreject,subsequent_forgotten
396,1049,1144084.5,manmade,new,correctreject,na
397,1111,1146040,manmade,old,hit,subsequent_remembered
398,1041,1148072.5,manmade,new,correctreject,subsequent_remembered
399,1049,1149564.5,manmade,new,correctreject,na
400,2121,1151451.5,natural,old,miss,subsequent_remembered
401,2119,1154190.5,natural,old,hit,na
402,2111,1155859.5,natural,old,hit,subsequent_remembered
403,2111,1157692.5,natural,old,hit,subsequent_remembered
404,1041,1158972,manmade,new,correctreject,subsequent_remembered
405,1121,1160610,manmade,old,miss,subsequent_remembered
406,2119,1161828.5,natural,old,hit,na
407,1049,1162996,manmade,new,correctreject,na
408,2041,1164246.5,natural,new,correctreject,subsequent_remembered
409,1111,1165944.5,manmade,old,hit,subsequent_remembered
410,2119,1168171.5,natural,old,hit,na
411,2049,1169938,natural,new,correctreject,na
412,1119,1171105,manmade,old,hit,na
413,2119,1172344,natural,old,hit,na
414,2031,1173680.5,natural,new,falsealarm,subsequent_remembered
415,1049,1175441.5,manmade,new,correctreject,na
416,1031,1177125.5,manmade,new,falsealarm,subsequent_remembered
417,2049,1179168.5,natural,new,correctreject,na
418,2119,1180438,natural,old,hit,na
419,1041,1182488,manmade,new,correctreject,subsequent_remembered
420,2049,1184349.5,natural,new,correctreject,na
421,1119,1186028.5,manmade,old,hit,na
422,1111,1187170,manmade,old,hit,subsequent_remembered
423,1031,1188803.5,manmade,new,falsealarm,subsequent_remembered
424,2049,1189945,natural,new,correctreject,na
425,1119,1191107,manmade,old,hit,na
426,2119,1192495.5,natural,old,hit,na
427,2031,1194435,natural,new,falsealarm,subsequent_remembered
428,1049,1195976,manmade,new,correctreject,na
429,2031,1197138,natural,new,falsealarm,subsequent_remembered
430,2111,1198377,natural,old,hit,subsequent_remembered
431,1049,1200593.5,manmade,new,correctreject,na
432,1111,1202969,manmade,old,hit,subsequent_remembered
433,1111,1204633,manmade,old,hit,subsequent_remembered
434,1041,1205902.5,manmade,new,correctreject,subsequent_remembered
435,1049,1207551,manmade,new,correctreject,na
436,2041,1209757.5,natural,new,correctreject,subsequent_remembered
437,2049,1211248,natural,new,correctreject,na
438,1119,1213111,manmade,old,hit,na
439,1111,1214509.5,manmade,old,hit,subsequent_remembered
440,2119,1215952,natural,old,hit,na
441,2041,1217821,natural,new,correctreject,subsequent_remembered
442,2111,1219536,natural,old,hit,subsequent_remembered
443,1119,1221576,manmade,old,hit,na
444,2111,1222868.5,natural,old,hit,subsequent_remembered
445,2111,1224512,natural,old,hit,subsequent_remembered
446,2110,1226544.5,natural,old,hit,subsequent_forgotten
447,1049,1228218.5,manmade,new,correctreject,na
448,2041,1229467.5,natural,new,correctreject,subsequent_remembered
449,1049,1231392.5,manmade,new,correctreject,na
450,1040,1232739,manmade,new,correctreject,subsequent_forgotten
451,2129,1234679.5,natural,old,miss,na
452,2119,1237085.5,natural,old,hit,na
453,1049,1238495.5,manmade,new,correctreject,na
454,2129,1240648.5,natural,old,miss,na
455,1041,1242834.5,manmade,new,correctreject,subsequent_remembered
456,1049,1244831.5,manmade,new,correctreject,na
457,1031,1246198.5,manmade,new,falsealarm,subsequent_remembered
458,1111,1247657.5,manmade,old,hit,subsequent_remembered
459,2049,1249003.5,natural,new,correctreject,na
460,2111,1250268,natural,old,hit,subsequent_remembered
461,2041,1252300.5,natural,new,correctreject,subsequent_remembered
462,1039,1253534.5,manmade,new,falsealarm,na
463,2041,1255172.5,natural,new,correctreject,subsequent_remembered
464,1111,1257031,manmade,old,hit,subsequent_remembered
465,1049,1259137,manmade,new,correctreject,na
466,1041,1260574,manmade,new,correctreject,subsequent_remembered
467,1111,1262939.5,manmade,old,hit,subsequent_remembered
468,1119,1264546.5,manmade,old,hit,na
469,2119,1266133.5,natural,old,hit,na
470,1119,1267726,manmade,old,hit,na
471,1111,1269246.5,manmade,old,hit,subsequent_remembered
472,1049,1271079,manmade,new,correctreject,na
473,2111,1273250.5,natural,old,hit,subsequent_remembered
474,1119,1275241,manmade,old,hit,na
475,1041,1276536.5,manmade,new,correctreject,subsequent_remembered
476,1049,1278313,manmade,new,correctreject,na
477,2031,1279789.5,natural,new,falsealarm,subsequent_remembered
478,2049,1281379.5,natural,new,correctreject,na
479,1111,1282797.5,manmade,old,hit,subsequent_remembered
480,2041,1284840.5,natural,new,correctreject,subsequent_remembered
481,2049,1286418,natural,new,correctreject,na
482,2119,1287850.5,natural,old,hit,na
483,1041,1289783,manmade,new,correctreject,subsequent_remembered
484,2039,1291250,natural,new,falsealarm,na
485,2111,1293262,natural,old,hit,subsequent_remembered
486,2111,1295043.5,natural,old,hit,subsequent_remembered
487,2111,1296493.5,natural,old,hit,subsequent_remembered
488,2041,1298207.5,natural,new,correctreject,subsequent_remembered
489,1049,1299699.5,manmade,new,correctreject,na
490,2111,1301627,natural,old,hit,subsequent_remembered
491,1111,1303686,manmade,old,hit,subsequent_remembered
492,1031,1305257,manmade,new,falsealarm,subsequent_remembered
493,1119,1306583,manmade,old,hit,na
494,2049,1308057.5,natural,new,correctreject,na
495,2119,1310054,natural,old,hit,na
496,2041,1312245,natural,new,correctreject,subsequent_remembered
497,1039,1314170,manmade,new,falsealarm,na
498,2119,1315787.5,natural,old,hit,na
499,1119,1317390,manmade,old,hit,na
500,1041,1319499.5,manmade,new,correctreject,subsequent_remembered
501,2111,1322192.5,natural,old,hit,subsequent_remembered
502,2049,1323636,natural,new,correctreject,na
503,2040,1325131,natural,new,correctreject,subsequent_forgotten
504,1111,1327209.5,manmade,old,hit,subsequent_remembered
505,2039,1329068.5,natural,new,falsealarm,na
506,2129,1330834,natural,old,miss,na
507,2031,1332856,natural,new,falsealarm,subsequent_remembered
508,2049,1334996,natural,new,correctreject,na
509,1119,1336240,manmade,old,hit,na
510,1121,1338170.5,manmade,old,miss,subsequent_remembered
511,2119,1340379,natural,old,hit,na
512,2110,1341718,natural,old,hit,subsequent_forgotten
513,2041,1343259,natural,new,correctreject,subsequent_remembered
514,2039,1344641.5,natural,new,falsealarm,na
515,1119,1347057.5,manmade,old,hit,na
516,2040,1348619,natural,new,correctreject,subsequent_forgotten
517,2049,1349940,natural,new,correctreject,na
518,1041,1351378.5,manmade,new,correctreject,subsequent_remembered
519,2049,1352950.5,natural,new,correctreject,na
520,1041,1354209.5,manmade,new,correctreject,subsequent_remembered
521,1111,1356518.5,manmade,old,hit,subsequent_remembered
522,2039,1357793.5,natural,new,falsealarm,na
523,2111,1359252.5,natural,old,hit,subsequent_remembered
524,1111,1360404.5,manmade,old,hit,subsequent_remembered
525,2119,1362293.5,natural,old,hit,na
526,1041,1363496.5,manmade,new,correctreject,subsequent_remembered
527,1119,1364694.5,manmade,old,hit,na
528,2119,1366061.5,natural,old,hit,na
529,1039,1367664,manmade,new,falsealarm,na
530,1031,1369732,manmade,new,falsealarm,subsequent_remembered
531,2049,1371001.5,natural,new,correctreject,na
532,1041,1372711.5,manmade,new,correctreject,subsequent_remembered
533,2119,1374652,natural,old,hit,na
534,2111,1375880.5,natural,old,hit,subsequent_remembered
535,1039,1377995,manmade,new,falsealarm,na
536,2129,1380124.5,natural,old,miss,na
537,2111,1382266,natural,old,hit,subsequent_remembered
538,1041,1383647,manmade,new,correctreject,subsequent_remembered
539,1119,1385983.5,manmade,old,hit,na
540,1049,1388551.5,manmade,new,correctreject,na
541,1041,1390420,manmade,new,correctreject,subsequent_remembered
542,1111,1391920,manmade,old,hit,subsequent_remembered
543,1039,1393143.5,manmade,new,falsealarm,na
544,1111,1394567,manmade,old,hit,subsequent_remembered
545,1119,1396308.5,manmade,old,hit,na
546,2119,1397464.5,natural,old,hit,na
547,2119,1398708.5,natural,old,hit,na
548,1111,1400338.5,manmade,old,hit,subsequent_remembered
549,1041,1402394.5,manmade,new,correctreject,subsequent_remembered
550,2049,1403700,natural,new,correctreject,na
551,2031,1405072,natural,new,falsealarm,subsequent_remembered
552,1111,1407163,manmade,old,hit,subsequent_remembered
553,2039,1409147,natural,new,falsealarm,na
554,1041,1410827,manmade,new,correctreject,subsequent_remembered
555,1039,1412649,manmade,new,falsealarm,na
556,1111,1414391,manmade,old,hit,subsequent_remembered
557,1040,1416181.5,manmade,new,correctreject,subsequent_forgotten
558,2049,1417743,natural,new,correctreject,na
559,1111,1419688,manmade,old,hit,subsequent_remembered
560,1041,1420865.5,manmade,new,correctreject,subsequent_remembered
561,2119,1422857,natural,old,hit,na
562,1119,1424405.5,manmade,old,hit,na
563,2121,1426082.5,natural,old,miss,subsequent_remembered
564,1119,1427921.5,manmade,old,hit,na
565,1049,1429820,manmade,new,correctreject,na
566,1119,1431089.5,manmade,old,hit,na
567,2041,1432789,natural,new,correctreject,subsequent_remembered
568,1111,1434443.5,manmade,old,hit,subsequent_remembered
569,1119,1436070.5,manmade,old,hit,na
570,1119,1437304.5,manmade,old,hit,na
571,2039,1438942.5,natural,new,falsealarm,na
572,2119,1440243,natural,old,hit,na
573,2111,1441451.5,natural,old,hit,subsequent_remembered
574,1041,1443737,manmade,new,correctreject,subsequent_remembered
575,2111,1445603,natural,old,hit,subsequent_remembered
576,2121,1447396,natural,old,miss,subsequent_remembered
577,1049,1449627,manmade,new,correctreject,na
578,1119,1451455,manmade,old,hit,na
579,1111,1453072.5,manmade,old,hit,subsequent_remembered
580,1119,1454547,manmade,old,hit,na
581,1041,1456077.5,manmade,new,correctreject,subsequent_remembered
582,1049,1457501,manmade,new,correctreject,na
583,2119,1459405.5,natural,old,hit,na
584,1040,1460613.5,manmade,new,correctreject,subsequent_forgotten
585,1049,1461898.5,manmade,new,correctreject,na
586,1111,1463149.5,manmade,old,hit,subsequent_remembered
587,2119,1465088,natural,old,hit,na
588,2041,1466360,natural,new,correctreject,subsequent_remembered
589,1049,1467806.5,manmade,new,correctreject,na
590,1119,1469276,manmade,old,hit,na
591,2041,1470991,natural,new,correctreject,subsequent_remembered
592,2119,1472599,natural,old,hit,na
593,2049,1474390,natural,new,correctreject,na
594,1121,1476714.5,manmade,old,miss,subsequent_remembered
595,1119,1478317,manmade,old,hit,na
596,1031,1480027,manmade,new,falsealarm,subsequent_remembered
597,2049,1482074.5,natural,new,correctreject,na
598,1110,1483595,manmade,old,hit,subsequent_forgotten
599,2119,1485080,natural,old,hit,na
600,2041,1487109.5,natural,new,correctreject,subsequent_remembered
601,1049,1489733.5,manmade,new,correctreject,na
602,2040,1491694,natural,new,correctreject,subsequent_forgotten
603,2049,1493672.5,natural,new,correctreject,na
604,1119,1495498,manmade,old,hit,na
605,1111,1497080,manmade,old,hit,subsequent_remembered
606,2041,1500100.5,natural,new,correctreject,subsequent_remembered
607,1039,1501590,manmade,new,falsealarm,na
608,1119,1503218,manmade,old,hit,na
609,2041,1505035.5,natural,new,correctreject,subsequent_remembered
610,2111,1506789,natural,old,hit,subsequent_remembered
611,2049,1508097,natural,new,correctreject,na
612,1111,1509628,manmade,old,hit,subsequent_remembered
613,2030,1510877,natural,new,falsealarm,subsequent_forgotten
614,1111,1512279.5,manmade,old,hit,subsequent_remembered
615,2049,1513705,natural,new,correctreject,na
616,2041,1515121,natural,new,correctreject,subsequent_remembered
617,1121,1517123.5,manmade,old,miss,subsequent_remembered
618,2049,1518832.5,natural,new,correctreject,na
619,2111,1520000,natural,old,hit,subsequent_remembered
620,2119,1521203,natural,old,hit,na
621,1119,1522872,manmade,old,hit,na
622,2041,1524147,natural,new,correctreject,subsequent_remembered
623,2121,1525780,natural,old,miss,subsequent_remembered
624,1119,1527561.5,manmade,old,hit,na
625,1049,1529283.5,manmade,new,correctreject,na
626,2111,1530848,natural,old,hit,subsequent_remembered
627,2111,1532189.5,natural,old,hit,subsequent_remembered
628,1041,1533500,manmade,new,correctreject,subsequent_remembered
629,2111,1534780,natural,old,hit,subsequent_remembered
630,2111,1536199.5,natural,old,hit,subsequent_remembered
631,2049,1537928.5,natural,new,correctreject,na
632,1041,1539198,manmade,new,correctreject,subsequent_remembered
633,2119,1541502,natural,old,hit,na
634,1111,1542864,manmade,old,hit,subsequent_remembered
635,1049,1544169,manmade,new,correctreject,na
636,1041,1545372.5,manmade,new,correctreject,subsequent_remembered
637,2119,1547486.5,natural,old,hit,na
638,1119,1548695,manmade,old,hit,na
639,2039,1550662,natural,new,falsealarm,na
640,2121,1552565,natural,old,miss,subsequent_remembered
641,1119,1554367.5,manmade,old,hit,na
642,1111,1555800.5,manmade,old,hit,subsequent_remembered
643,1041,1557055,manmade,new,correctreject,subsequent_remembered
644,1049,1558626.5,manmade,new,correctreject,na
645,2119,1560326.5,natural,old,hit,na
646,2119,1562196,natural,old,hit,na
647,1041,1563505.5,manmade,new,correctreject,subsequent_remembered
648,1039,1564811,manmade,new,falsealarm,na
649,1041,1566495.5,manmade,new,correctreject,subsequent_remembered
650,1049,1568533,manmade,new,correctreject,na
651,2041,1570043,natural,new,correctreject,subsequent_remembered
652,2049,1571400,natural,new,correctreject,na
653,2041,1572680,natural,new,correctreject,subsequent_remembered
654,1119,1574451,manmade,old,hit,na
655,1049,1577635.5,manmade,new,correctreject,na
656,2041,1579422,natural,new,correctreject,subsequent_remembered
657,1111,1581009,manmade,old,hit,subsequent_remembered
658,1129,1582207,manmade,old,miss,na
659,2049,1583400,natural,new,correctreject,na
660,2111,1584833.5,natural,old,hit,subsequent_remembered
661,1041,1586579,manmade,new,correctreject,subsequent_remembered
662,1049,1588731.5,manmade,new,correctreject,na
663,2111,1590424,natural,old,hit,subsequent_remembered
664,2119,1592185,natural,old,hit,na
665,1041,1593444.5,manmade,new,correctreject,subsequent_remembered
666,1111,1595149.5,manmade,old,hit,subsequent_remembered
667,1111,1596342,manmade,old,hit,subsequent_remembered
668,2049,1597704,natural,new,correctreject,na
669,2041,1599183.5,natural,new,correctreject,subsequent_remembered
670,1049,1600678.5,manmade,new,correctreject,na
671,2041,1602047.5,natural,new,correctreject,subsequent_remembered
672,1119,1604180,manmade,old,hit,na
673,1111,1606189,manmade,old,hit,subsequent_remembered
674,1049,1607917.5,manmade,new,correctreject,na
675,2111,1609402,natural,old,hit,subsequent_remembered
676,2110,1611004.5,natural,old,hit,subsequent_forgotten
677,2031,1613656.5,natural,new,falsealarm,subsequent_remembered
678,2119,1615325.5,natural,old,hit,na
679,2119,1616728,natural,old,hit,na
680,1119,1618084.5,manmade,old,hit,na
681,2049,1619625.5,natural,new,correctreject,na
682,2041,1621223,natural,new,correctreject,subsequent_remembered
683,1119,1623183.5,manmade,old,hit,na
684,2049,1625042,natural,new,correctreject,na
685,1041,1626384.5,manmade,new,correctreject,subsequent_remembered
686,1049,1627735,manmade,new,correctreject,na
687,2119,1629173.5,natural,old,hit,na
688,2031,1630479,natural,new,falsealarm,subsequent_remembered
689,1111,1632312,manmade,old,hit,subsequent_remembered
690,1119,1634139.5,manmade,old,hit,na
691,2049,1635615,natural,new,correctreject,na
692,2041,1637395.5,natural,new,correctreject,subsequent_remembered
693,2111,1640355.5,natural,old,hit,subsequent_remembered
694,1119,1642136,manmade,old,hit,na
695,1119,1643621,manmade,old,hit,na
696,1111,1644849.5,manmade,old,hit,subsequent_remembered
697,1119,1646796.5,manmade,old,hit,na
698,2111,1648131,natural,old,hit,subsequent_remembered
699,1119,1650112.5,manmade,old,hit,na
700,1049,1652129.5,manmade,new,correctreject,na
701,2111,1655147,natural,old,hit,subsequent_remembered
702,2111,1656332.5,natural,old,hit,subsequent_remembered
703,2041,1657873.5,natural,new,correctreject,subsequent_remembered
704,2049,1659194.5,natural,new,correctreject,na
705,1041,1661201,manmade,new,correctreject,subsequent_remembered
706,1049,1662784,manmade,new,correctreject,na
707,1041,1664150,manmade,new,correctreject,subsequent_remembered
708,2119,1665686,natural,old,hit,na
709,2111,1666827.5,natural,old,hit,subsequent_remembered
710,1049,1668389,manmade,new,correctreject,na
711,1040,1670616,manmade,new,correctreject,subsequent_forgotten
712,2049,1672520.5,natural,new,correctreject,na
713,1040,1674184.5,manmade,new,correctreject,subsequent_forgotten
714,2129,1676068.5,natural,old,miss,na
715,1111,1677542.5,manmade,old,hit,subsequent_remembered
716,2111,1679361,natural,old,hit,subsequent_remembered
717,2049,1680548,natural,new,correctreject,na
718,1041,1681935.5,manmade,new,correctreject,subsequent_remembered
719,2049,1683517,natural,new,correctreject,na
720,2119,1684848.5,natural,old,hit,na
721,1111,1686041,manmade,old,hit,subsequent_remembered
722,2031,1687541,natural,new,falsealarm,subsequent_remembered
723,1111,1688729,manmade,old,hit,subsequent_remembered
724,2049,1690090.5,natural,new,correctreject,na
725,2119,1691908,natural,old,hit,na
726,2119,1693254.5,natural,old,hit,na
727,2091,1695108,natural,new,na,subsequent_remembered
728,1111,1722374.5,manmade,old,hit,subsequent_remembered
729,2039,1723659.5,natural,new,falsealarm,na
730,1031,1725154,manmade,new,falsealarm,subsequent_remembered
731,2119,1726587.5,natural,old,hit,na
732,2111,1727806,natural,old,hit,subsequent_remembered
733,2049,1729546.5,natural,new,correctreject,na
734,1119,1731041.5,manmade,old,hit,na
735,2119,1732291,natural,old,hit,na
736,2041,1734077.5,natural,new,correctreject,subsequent_remembered
737,1121,1735413.5,manmade,old,miss,subsequent_remembered
738,1049,1737067.5,manmade,new,correctreject,na
739,1119,1738475,manmade,old,hit,na
740,2041,1740036.5,natural,new,correctreject,subsequent_remembered
741,1049,1741398.5,manmade,new,correctreject,na
742,2111,1743169.5,natural,old,hit,subsequent_remembered
743,2040,1744475,natural,new,correctreject,subsequent_forgotten
744,1119,1746057,manmade,old,hit,na
745,2049,1747449.5,natural,new,correctreject,na
746,2111,1749149.5,natural,old,hit,subsequent_remembered
747,1041,1751089.5,manmade,new,correctreject,subsequent_remembered
748,2049,1752763.5,natural,new,correctreject,na
749,1121,1754417.5,manmade,old,miss,subsequent_remembered
750,2111,1755927.5,natural,old,hit,subsequent_remembered
751,1041,1757371.5,manmade,new,correctreject,subsequent_remembered
752,1049,1758620.5,manmade,new,correctreject,na
753,2041,1760315,natural,new,correctreject,subsequent_remembered
754,1039,1762101.5,manmade,new,falsealarm,na
755,2041,1763468.5,natural,new,correctreject,subsequent_remembered
756,2049,1764646,natural,new,correctreject,na
757,1111,1766366,manmade,old,hit,subsequent_remembered
758,1041,1768301.5,manmade,new,correctreject,subsequent_remembered
759,1049,1769730,manmade,new,correctreject,na
760,2041,1771260.5,natural,new,correctreject,subsequent_remembered
761,1119,1772709.5,manmade,old,hit,na
762,2119,1774235,natural,old,hit,na
763,2111,1775945,natural,old,hit,subsequent_remembered
764,2039,1777506.5,natural,new,falsealarm,na
765,1041,1778735,manmade,new,correctreject,subsequent_remembered
766,2049,1780225,natural,new,correctreject,na
767,1111,1781566,manmade,old,hit,subsequent_remembered
768,1031,1783445,manmade,new,falsealarm,subsequent_remembered
769,2119,1785444,natural,old,hit,na
770,2049,1787387,natural,new,correctreject,na
771,2111,1788925,natural,old,hit,subsequent_remembered
772,2041,1790254,natural,new,correctreject,subsequent_remembered
773,1119,1791508,manmade,old,hit,na
774,2119,1793716,natural,old,hit,na
775,1049,1795173.5,manmade,new,correctreject,na
776,2041,1796617.5,natural,new,correctreject,subsequent_remembered
777,2111,1798378.5,natural,old,hit,subsequent_remembered
778,1111,1800150,manmade,old,hit,subsequent_remembered
779,2049,1802218,natural,new,correctreject,na
780,2119,1803796.5,natural,old,hit,na
781,1119,1805843,manmade,old,hit,na
782,1111,1807000,manmade,old,hit,subsequent_remembered
783,1031,1808100.5,manmade,new,falsealarm,subsequent_remembered
784,2111,1810140.5,natural,old,hit,subsequent_remembered
785,2049,1811930,natural,new,correctreject,na
786,2041,1813779,natural,new,correctreject,subsequent_remembered
787,2111,1815206.5,natural,old,hit,subsequent_remembered
788,2111,1816890.5,natural,old,hit,subsequent_remembered
789,1111,1818247.5,manmade,old,hit,subsequent_remembered
790,1111,1819409.5,manmade,old,hit,subsequent_remembered
791,2049,1820546,natural,new,correctreject,na
792,2119,1822030.5,natural,old,hit,na
793,2041,1823377,natural,new,correctreject,subsequent_remembered
794,1049,1825281.5,manmade,new,correctreject,na
795,1119,1827602,manmade,old,hit,na
796,2031,1829060,natural,new,falsealarm,subsequent_remembered
797,1119,1831491.5,manmade,old,hit,na
798,1119,1832802,manmade,old,hit,na
799,1111,1834036,manmade,old,hit,subsequent_remembered
800,2119,1835613,natural,old,hit,na
801,2119,1837880.5,natural,old,hit,na
802,2039,1839176,natural,new,falsealarm,na
803,2120,1840860.5,natural,old,miss,subsequent_forgotten
804,1041,1842925,manmade,new,correctreject,subsequent_remembered
805,2039,1845084,natural,new,falsealarm,na
806,2119,1847075.5,natural,old,hit,na
807,1041,1849010.5,manmade,new,correctreject,subsequent_remembered
808,1049,1850838.5,manmade,new,correctreject,na
809,1041,1852947.5,manmade,new,correctreject,subsequent_remembered
810,2049,1854591,natural,new,correctreject,na
811,2119,1856239.5,natural,old,hit,na
812,2111,1858067,natural,old,hit,subsequent_remembered
813,2031,1859679.5,natural,new,falsealarm,subsequent_remembered
814,2111,1861856.5,natural,old,hit,subsequent_remembered
815,1119,1863171,manmade,old,hit,na
816,1119,1864922,manmade,old,hit,na
817,2111,1866539.5,natural,old,hit,subsequent_remembered
818,2049,1867784,natural,new,correctreject,na
819,1111,1869883,manmade,old,hit,subsequent_remembered
820,2041,1871188,natural,new,correctreject,subsequent_remembered
821,2049,1873364,natural,new,correctreject,na
822,2119,1874860.5,natural,old,hit,na
823,1041,1876241,manmade,new,correctreject,subsequent_remembered
824,2049,1878069,natural,new,correctreject,na
825,1111,1880086,manmade,old,hit,subsequent_remembered
826,2119,1882134,natural,old,hit,na
827,1119,1883644,manmade,old,hit,na
828,1111,1885297.5,manmade,old,hit,subsequent_remembered
829,1119,1887396.5,manmade,old,hit,na
830,2119,1889088,natural,old,hit,na
831,2119,1891021,natural,old,hit,na
832,1031,1892593,manmade,new,falsealarm,subsequent_remembered
833,2049,1893837,natural,new,correctreject,na
834,1041,1895255,manmade,new,correctreject,subsequent_remembered
835,1049,1896965,manmade,new,correctreject,na
836,2111,1898577.5,natural,old,hit,subsequent_remembered
837,2119,1900564,natural,old,hit,na
838,2041,1901877,natural,new,correctreject,subsequent_remembered
839,1049,1903584.5,manmade,new,correctreject,na
840,1041,1905647.5,manmade,new,correctreject,subsequent_remembered
841,1119,1908166.5,manmade,old,hit,na
842,1039,1909472,manmade,new,falsealarm,na
843,1041,1911105,manmade,new,correctreject,subsequent_remembered
844,1049,1912472,manmade,new,correctreject,na
845,1111,1914473.5,manmade,old,hit,subsequent_remembered
846,2111,1915876.5,natural,old,hit,subsequent_remembered
847,1041,1917228,manmade,new,correctreject,subsequent_remembered
848,2049,1918467,natural,new,correctreject,na
849,1119,1920627.5,manmade,old,hit,na
850,1119,1921984,manmade,old,hit,na
851,2111,1923151.5,natural,old,hit,subsequent_remembered
852,2031,1924272.5,natural,new,falsealarm,subsequent_remembered
853,1049,1925908,manmade,new,correctreject,na
854,2031,1927999.5,natural,new,falsealarm,subsequent_remembered
855,2119,1929235,natural,old,hit,na
856,1111,1931112,manmade,old,hit,subsequent_remembered
857,2049,1932294.5,natural,new,correctreject,na
858,1110,1933733.5,manmade,old,hit,subsequent_forgotten
859,2041,1934982.5,natural,new,correctreject,subsequent_remembered
860,1039,1936641,manmade,new,falsealarm,na
861,2040,1938551,natural,new,correctreject,subsequent_forgotten
862,2119,1940470.5,natural,old,hit,na
863,2129,1942162.5,natural,old,miss,na
864,2049,1944238.5,natural,new,correctreject,na
865,2041,1946753,natural,new,correctreject,subsequent_remembered
866,1119,1948042.5,manmade,old,hit,na
867,2119,1949895.5,natural,old,hit,na
868,1039,1951252.5,manmade,new,falsealarm,na
869,1119,1953131.5,manmade,old,hit,na
870,1041,1954421.5,manmade,new,correctreject,subsequent_remembered
871,2049,1956865.5,natural,new,correctreject,na
872,2041,1958291.5,natural,new,correctreject,subsequent_remembered
873,2049,1959597,natural,new,correctreject,na
874,2119,1961020.5,natural,old,hit,na
875,2111,1962643,natural,old,hit,subsequent_remembered
876,2111,1964179,natural,old,hit,subsequent_remembered
877,2031,1966452,natural,new,falsealarm,subsequent_remembered
878,1111,1967870,manmade,old,hit,subsequent_remembered
879,1039,1969298.5,manmade,new,falsealarm,na
880,1119,1971085.5,manmade,old,hit,na
881,1111,1972652,manmade,old,hit,subsequent_remembered
882,2041,1974653.5,natural,new,correctreject,subsequent_remembered
883,1111,1976047,manmade,old,hit,subsequent_remembered
884,2049,1977428.5,natural,new,correctreject,na
885,1111,1979954.5,manmade,old,hit,subsequent_remembered
886,2041,1981734,natural,new,correctreject,subsequent_remembered
887,1039,1983792,manmade,new,falsealarm,na
888,2041,1985184.5,natural,new,correctreject,subsequent_remembered
889,2039,1986669,natural,new,falsealarm,na
890,2111,1988184.5,natural,old,hit,subsequent_remembered
891,2119,1989761,natural,old,hit,na
892,1031,1991307.5,manmade,new,falsealarm,subsequent_remembered
893,1039,1992915,manmade,new,falsealarm,na
894,1119,1994343,manmade,old,hit,na
895,1041,1995802.5,manmade,new,correctreject,subsequent_remembered
896,2111,1997394.5,natural,old,hit,subsequent_remembered
897,2111,1998920,natural,old,hit,subsequent_remembered
898,1049,2000497,manmade,new,correctreject,na
899,2121,2002279.5,natural,old,miss,subsequent_remembered
900,2119,2004910,natural,old,hit,na
901,1040,2007265,manmade,new,correctreject,subsequent_forgotten
902,1039,2009446,manmade,new,falsealarm,na
903,1041,2011033,manmade,new,correctreject,subsequent_remembered
904,2111,2013132.5,natural,old,hit,subsequent_remembered
905,1049,2014836.5,manmade,new,correctreject,na
906,2111,2016323.5,natural,old,hit,subsequent_remembered
907,2041,2017995.5,natural,new,correctreject,subsequent_remembered
908,1111,2019516,manmade,old,hit,subsequent_remembered
909,1119,2020985,manmade,old,hit,na
910,2111,2022367.5,natural,old,hit,subsequent_remembered
911,1039,2023826.5,manmade,new,falsealarm,na
912,1031,2025152.5,manmade,new,falsealarm,subsequent_remembered
913,2049,2027005.5,natural,new,correctreject,na
914,2111,2029765,natural,old,hit,subsequent_remembered
915,2119,2031075.5,natural,old,hit,na
916,1111,2032320,manmade,old,hit,subsequent_remembered
917,2111,2034552,natural,old,hit,subsequent_remembered
918,1129,2035965,manmade,old,miss,na
919,1119,2038294,manmade,old,hit,na
920,2119,2040301,natural,old,hit,na
921,2041,2041698.5,natural,new,correctreject,subsequent_remembered
922,2119,2044168,natural,old,hit,na
923,1049,2045466.5,manmade,new,correctreject,na
924,2119,2047908.5,natural,old,hit,na
925,2041,2049588,natural,new,correctreject,subsequent_remembered
926,2119,2050760,natural,old,hit,na
927,2119,2052424,natural,old,hit,na
928,2119,2054310,natural,old,hit,na
929,1049,2055634,manmade,new,correctreject,na
930,1040,2057960.5,manmade,new,correctreject,subsequent_forgotten
931,2049,2059816.5,natural,new,correctreject,na
932,1041,2062363.5,manmade,new,correctreject,subsequent_remembered
933,1049,2064209,manmade,new,correctreject,na
934,2119,2065770.5,natural,old,hit,na
935,2119,2067260.5,natural,old,hit,na
936,2041,2069323.5,natural,new,correctreject,subsequent_remembered
937,2111,2071985.5,natural,old,hit,subsequent_remembered
938,2049,2073921,natural,new,correctreject,na
939,1120,2075882,manmade,old,miss,subsequent_forgotten
940,2031,2077832,natural,new,falsealarm,subsequent_remembered
941,1111,2079552.5,manmade,old,hit,subsequent_remembered
942,1049,2081933,manmade,new,correctreject,na
943,1119,2083525,manmade,old,hit,na
944,1041,2084994.5,manmade,new,correctreject,subsequent_remembered
945,2111,2087310,natural,old,hit,subsequent_remembered
946,1119,2089110.5,manmade,old,hit,na
947,2039,2090725.5,natural,new,falsealarm,na
948,1041,2093185.5,manmade,new,correctreject,subsequent_remembered
949,1049,2094829,manmade,new,correctreject,na
950,1111,2096595,manmade,old,hit,subsequent_remembered
951,1119,2098494.5,manmade,old,hit,na
952,2041,2100133,natural,new,correctreject,subsequent_remembered
953,1049,2102093.5,manmade,new,correctreject,na
954,1041,2103773,manmade,new,correctreject,subsequent_remembered
955,1111,2105498,manmade,old,hit,subsequent_remembered
956,1111,2107064.5,manmade,old,hit,subsequent_remembered
957,1049,2108523.5,manmade,new,correctreject,na
958,1111,2110438.5,manmade,old,hit,subsequent_remembered
959,1041,2111769.5,manmade,new,correctreject,subsequent_remembered
960,2111,2113029,natural,old,hit,subsequent_remembered
961,2039,2114769.5,natural,new,falsealarm,na
962,1031,2116541,manmade,new,falsealarm,subsequent_remembered
963,1049,2118805.5,manmade,new,correctreject,na
964,1041,2120462.5,manmade,new,correctreject,subsequent_remembered
965,2049,2122364,natural,new,correctreject,na
966,2031,2123974.5,natural,new,falsealarm,subsequent_remembered
967,1049,2125625,manmade,new,correctreject,na
968,1121,2127276.5,manmade,old,miss,subsequent_remembered
969,2119,2128776.5,natural,old,hit,na
970,2041,2130000,natural,new,correctreject,subsequent_remembered
971,2049,2131341.5,natural,new,correctreject,na
972,2041,2132918,natural,new,correctreject,subsequent_remembered
973,1049,2135160.5,manmade,new,correctreject,na
974,1119,2136872,manmade,old,hit,na
975,2119,2138677.5,natural,old,hit,na
976,1119,2140003.5,manmade,old,hit,na
977,1041,2141421.5,manmade,new,correctreject,subsequent_remembered
978,1039,2143439,manmade,new,falsealarm,na
979,1041,2145374,manmade,new,correctreject,subsequent_remembered
980,1119,2148688,manmade,old,hit,na
981,1049,2149956,manmade,new,correctreject,na
982,2111,2151328,natural,old,hit,subsequent_remembered
983,1041,2153365.5,manmade,new,correctreject,subsequent_remembered
984,2119,2155300.5,natural,old,hit,na
985,2111,2156867,natural,old,hit,subsequent_remembered
986,2049,2158490,natural,new,correctreject,na
987,2041,2159872.5,natural,new,correctreject,subsequent_remembered
988,2111,2161766.5,natural,old,hit,subsequent_remembered
989,2049,2163671,natural,new,correctreject,na
990,1041,2165104.5,manmade,new,correctreject,subsequent_remembered
991,1049,2167004.5,manmade,new,correctreject,na
992,1119,2168468,manmade,old,hit,na
993,1119,2170359.5,manmade,old,hit,na
994,2041,2171857,natural,new,correctreject,subsequent_remembered
995,1111,2173096,manmade,old,hit,subsequent_remembered
996,1119,2174480.5,manmade,old,hit,na
997,2049,2176004,natural,new,correctreject,na
998,2041,2177872.5,natural,new,correctreject,subsequent_remembered
999,1129,2179306,manmade,old,miss,na
1000,2111,2180683,natural,old,hit,subsequent_remembered
1001,2119,2183391.5,natural,old,hit,na
1002,1111,2185546.5,manmade,old,hit,subsequent_remembered
1003,2049,2186821.5,natural,new,correctreject,na
1004,1111,2188275.5,manmade,old,hit,subsequent_remembered
1005,1119,2190262,manmade,old,hit,na
1006,2119,2192130.5,natural,old,hit,na
1007,1111,2193333.5,manmade,old,hit,subsequent_remembered
1008,2111,2194920.5,natural,old,hit,subsequent_remembered
1009,2041,2196528,natural,new,correctreject,subsequent_remembered
1010,2049,2197864.5,natural,new,correctreject,na
1011,2111,2199487,natural,old,hit,subsequent_remembered
1012,2111,2200895,natural,old,hit,subsequent_remembered
1013,1041,2202482,manmade,new,correctreject,subsequent_remembered
1014,1111,2204002.5,manmade,old,hit,subsequent_remembered
1015,2049,2205917.5,natural,new,correctreject,na
1016,2041,2207781,natural,new,correctreject,subsequent_remembered
1017,2039,2209257.5,natural,new,falsealarm,na
1018,2119,2210944.5,natural,old,hit,na
1019,1111,2212183.5,manmade,old,hit,subsequent_remembered
1020,2041,2213402,natural,new,correctreject,subsequent_remembered
1021,2049,2215255,natural,new,correctreject,na
1022,1111,2216970.5,manmade,old,hit,subsequent_remembered
1023,1041,2218718,manmade,new,correctreject,subsequent_remembered
1024,2119,2220666.5,natural,old,hit,na
1025,1049,2222527.5,manmade,new,correctreject,na
1026,2041,2224506,natural,new,correctreject,subsequent_remembered
1027,2119,2226909.5,natural,old,hit,na
1028,1119,2228125.5,manmade,old,hit,na
1029,1111,2230247.5,manmade,old,hit,subsequent_remembered
1030,1119,2231499.5,manmade,old,hit,na
1031,1119,2233081.5,manmade,old,hit,na
1032,2110,2234622.5,natural,old,hit,subsequent_forgotten
1033,2111,2236225,natural,old,hit,subsequent_remembered
1034,1049,2237858,manmade,new,correctreject,na
1035,2041,2239173.5,natural,new,correctreject,subsequent_remembered
1036,2111,2241354.5,natural,old,hit,subsequent_remembered
1037,1111,2242964.5,manmade,old,hit,subsequent_remembered
1038,1119,2244533.5,manmade,old,hit,na
1039,1049,2245854.5,manmade,new,correctreject,na
1040,2031,2247400.5,natural,new,falsealarm,subsequent_remembered
1041,1049,2249443.5,manmade,new,correctreject,na
1042,2111,2250851,natural,old,hit,subsequent_remembered
1043,1119,2252059.5,manmade,old,hit,na
1044,2031,2253810.5,natural,new,falsealarm,subsequent_remembered
1045,2049,2255387,natural,new,correctreject,na
1046,2041,2257171,natural,new,correctreject,subsequent_remembered
1047,1119,2258889,manmade,old,hit,na
1048,2119,2260414.5,natural,old,hit,na
1049,2049,2262109,natural,new,correctreject,na
1050,1111,2263609,manmade,old,hit,subsequent_remembered
1051,1041,2265139.5,manmade,new,correctreject,subsequent_remembered
1052,1039,2267475,manmade,new,falsealarm,na
1053,1041,2269266,manmade,new,correctreject,subsequent_remembered
1054,2049,2270684,natural,new,correctreject,na
1055,2041,2272317.5,natural,new,correctreject,subsequent_remembered
1056,2111,2275199.5,natural,old,hit,subsequent_remembered
1057,2119,2277375.5,natural,old,hit,na
1058,2111,2278857,natural,old,hit,subsequent_remembered
1059,2111,2280268,natural,old,hit,subsequent_remembered
1060,1039,2281819,manmade,new,falsealarm,na
1061,1111,2284686,manmade,old,hit,subsequent_remembered
1062,1119,2286560,manmade,old,hit,na
1063,1111,2287937,manmade,old,hit,subsequent_remembered
1064,2040,2289785,natural,new,correctreject,subsequent_forgotten
1065,2049,2290998.5,natural,new,correctreject,na
1066,2119,2292258,natural,old,hit,na
1067,1119,2294438.5,manmade,old,hit,na
1068,2041,2295964.5,natural,new,correctreject,subsequent_remembered
1069,2049,2297259.5,natural,new,correctreject,na
1070,2041,2298821,natural,new,correctreject,subsequent_remembered
1071,1049,2300625.5,manmade,new,correctreject,na
1072,2119,2302599,natural,old,hit,na
1073,2031,2304227.5,natural,new,falsealarm,subsequent_remembered
1074,2119,2305543,natural,old,hit,na
1075,2049,2307232.5,natural,new,correctreject,na
1076,2111,2309444,natural,old,hit,subsequent_remembered
1077,2041,2311422.5,natural,new,correctreject,subsequent_remembered
1078,2111,2312945.5,natural,old,hit,subsequent_remembered
1079,1119,2314801,manmade,old,hit,na
1080,2119,2316171,natural,old,hit,na
1081,2049,2317486.5,natural,new,correctreject,na
1082,2111,2318905,natural,old,hit,subsequent_remembered
1083,1041,2320594.5,manmade,new,correctreject,subsequent_remembered
1084,2111,2322048,natural,old,hit,subsequent_remembered
1085,1119,2323789,manmade,old,hit,na
1086,2039,2325028,natural,new,falsealarm,na
1087,2041,2326307.5,natural,new,correctreject,subsequent_remembered
1088,2119,2327528.5,natural,old,hit,na
1089,1049,2329722.5,manmade,new,correctreject,na
1090,1041,2331971.5,manmade,new,correctreject,subsequent_remembered
1091,2049,2333377.5,natural,new,correctreject,na
1092,2129,2334703.5,natural,old,miss,na
1093,2111,2336843.5,natural,old,hit,subsequent_remembered
1094,1041,2338589.5,manmade,new,correctreject,subsequent_remembered
1095,2049,2340325,natural,new,correctreject,na
1096,2119,2342214,natural,old,hit,na
1097,1041,2344047,manmade,new,correctreject,subsequent_remembered
1098,1049,2346381.5,manmade,new,correctreject,na
1099,1040,2347876,manmade,new,correctreject,subsequent_forgotten
1100,2119,2349483.5,natural,old,hit,na
1101,1049,2352325,manmade,new,correctreject,na
1102,2041,2354040,natural,new,correctreject,subsequent_remembered
1103,2049,2356077.5,natural,new,correctreject,na
1104,2041,2357716,natural,new,correctreject,subsequent_remembered
1105,1049,2359175,manmade,new,correctreject,na
1106,2119,2361069,natural,old,hit,na
1107,1111,2362333.5,manmade,old,hit,subsequent_remembered
1108,2119,2363936,natural,old,hit,na
1109,2041,2365277.5,natural,new,correctreject,subsequent_remembered
1110,1119,2367110,manmade,old,hit,na
1111,1111,2368953.5,manmade,old,hit,subsequent_remembered
1112,1049,2370422.5,manmade,new,correctreject,na
1113,1111,2372297,manmade,old,hit,subsequent_remembered
1114,1111,2373729.5,manmade,old,hit,subsequent_remembered
1115,2111,2374973.5,natural,old,hit,subsequent_remembered
1116,2041,2377083,natural,new,correctreject,subsequent_remembered
1117,2049,2378604,natural,new,correctreject,na
1118,1110,2379878,manmade,old,hit,subsequent_forgotten
1119,2119,2381480.5,natural,old,hit,na
1120,2041,2382719.5,natural,new,correctreject,subsequent_remembered
1121,1119,2384583,manmade,old,hit,na
1122,1049,2386549,manmade,new,correctreject,na
1123,1041,2388516.5,manmade,new,correctreject,subsequent_remembered
1124,2121,2390317,natural,old,miss,subsequent_remembered
1125,2119,2391740,natural,old,hit,na
1126,1039,2393706,manmade,new,falsealarm,na
1127,1041,2394993,manmade,new,correctreject,subsequent_remembered
1128,1129,2396511.5,manmade,old,miss,na
1129,1049,2397745.5,manmade,new,correctreject,na
1130,2111,2399194,natural,old,hit,subsequent_remembered
1131,1119,2401052.5,manmade,old,hit,na
1132,2041,2402895.5,natural,new,correctreject,subsequent_remembered
1133,2111,2404376.5,natural,old,hit,subsequent_remembered
1134,1049,2406105.5,manmade,new,correctreject,na
1135,1041,2407638.5,manmade,new,correctreject,subsequent_remembered
1136,2111,2409960.5,natural,old,hit,subsequent_remembered
1137,2049,2411865,natural,new,correctreject,na
1138,2041,2413349.5,natural,new,correctreject,subsequent_remembered
1139,1049,2415054.5,manmade,new,correctreject,na
1140,2041,2417020.5,natural,new,correctreject,subsequent_remembered
1141,2049,2418740.5,natural,new,correctreject,na
1142,2119,2420706.5,natural,old,hit,na
1143,2119,2422715.5,natural,old,hit,na
1144,2031,2424346.5,natural,new,falsealarm,subsequent_remembered
1145,1049,2426023,manmade,new,correctreject,na
1146,2119,2427372,natural,old,hit,na
1147,2111,2428892.5,natural,old,hit,subsequent_remembered
1148,1041,2430536,manmade,new,correctreject,subsequent_remembered
1149,2049,2432642.5,natural,new,correctreject,na
1150,2031,2434493,natural,new,falsealarm,subsequent_remembered
1151,1119,2436989,manmade,old,hit,na
1152,1119,2439141.5,manmade,old,hit,na
1153,2119,2440882.5,natural,old,hit,na
1154,2119,2442996.5,natural,old,hit,na
1155,2049,2444698,natural,new,correctreject,na
1156,2111,2446104,natural,old,hit,subsequent_remembered
1157,1041,2448060,manmade,new,correctreject,subsequent_remembered
1158,1119,2449708.5,manmade,old,hit,na
1159,1121,2451379.5,manmade,old,miss,subsequent_remembered
1160,2119,2453184.5,natural,old,hit,na
1161,1119,2455186,manmade,old,hit,na
1162,2111,2457346.5,natural,old,hit,subsequent_remembered
1163,2119,2458754.5,natural,old,hit,na
1164,2119,2460305.5,natural,old,hit,na
1165,1119,2462390.5,manmade,old,hit,na
1166,2039,2463899.5,natural,new,falsealarm,na
1167,1049,2465323,manmade,new,correctreject,na
1168,1049,2467954.5,manmade,new,correctreject,na
1169,2119,2469410.5,natural,old,hit,na
1170,2041,2471517.5,natural,new,correctreject,subsequent_remembered
1171,1049,2472911,manmade,new,correctreject,na
1172,2119,2474599.5,natural,old,hit,na
1173,1111,2476319.5,manmade,old,hit,subsequent_remembered
1174,2119,2478470,natural,old,hit,na
1175,1041,2480717,manmade,new,correctreject,subsequent_remembered
1176,2111,2482161,natural,old,hit,subsequent_remembered
1177,1049,2483768.5,manmade,new,correctreject,na
1178,1049,2485166,manmade,new,correctreject,na
1179,2049,2487081,natural,new,correctreject,na
1180,2119,2488872.5,natural,old,hit,na
1181,2049,2490203.5,natural,new,correctreject,na
1182,2111,2492098,natural,old,hit,subsequent_remembered
1183,1119,2494363,manmade,old,hit,na
1184,2119,2495871,natural,old,hit,na
1185,1049,2498049,manmade,new,correctreject,na
1186,2119,2499721,natural,old,hit,na
1187,1049,2501323.5,manmade,new,correctreject,na
1188,1049,2502695.5,manmade,new,correctreject,na
1189,1119,2504384.5,manmade,old,hit,na
1190,2049,2505931,natural,new,correctreject,na
1191,1119,2507816.5,manmade,old,hit,na
1192,1049,2509458,manmade,new,correctreject,na
1193,2049,2511408.5,natural,new,correctreject,na
1194,2119,2513415.5,natural,old,hit,na
1195,1119,2515135.5,manmade,old,hit,na
1196,1049,2516543.5,manmade,new,correctreject,na
1197,1049,2518161.5,manmade,new,correctreject,na
1198,2119,2520030,natural,old,hit,na
1199,2039,2522118.5,natural,new,falsealarm,na
1200,1049,2523659.5,manmade,new,correctreject,na
